/*
SQLyog Community v13.1.6 (64 bit)
MySQL - 5.7.9 : Database - video_retrival
*********************************************************************
*/

/*!40101 SET NAMES utf8 */;

/*!40101 SET SQL_MODE=''*/;

/*!40014 SET @OLD_UNIQUE_CHECKS=@@UNIQUE_CHECKS, UNIQUE_CHECKS=0 */;
/*!40014 SET @OLD_FOREIGN_KEY_CHECKS=@@FOREIGN_KEY_CHECKS, FOREIGN_KEY_CHECKS=0 */;
/*!40101 SET @OLD_SQL_MODE=@@SQL_MODE, SQL_MODE='NO_AUTO_VALUE_ON_ZERO' */;
/*!40111 SET @OLD_SQL_NOTES=@@SQL_NOTES, SQL_NOTES=0 */;
CREATE DATABASE /*!32312 IF NOT EXISTS*/`video_retrival` /*!40100 DEFAULT CHARACTER SET latin1 */;

USE `video_retrival`;

/*Table structure for table `assignsubject` */

DROP TABLE IF EXISTS `assignsubject`;

CREATE TABLE `assignsubject` (
  `asubject_id` int(11) NOT NULL AUTO_INCREMENT,
  `subject_id` int(11) DEFAULT NULL,
  `teacher_id` int(11) DEFAULT NULL,
  PRIMARY KEY (`asubject_id`)
) ENGINE=MyISAM AUTO_INCREMENT=3 DEFAULT CHARSET=latin1;

/*Data for the table `assignsubject` */

insert  into `assignsubject`(`asubject_id`,`subject_id`,`teacher_id`) values 
(1,1,1),
(2,1,1);

/*Table structure for table `complaint` */

DROP TABLE IF EXISTS `complaint`;

CREATE TABLE `complaint` (
  `complaint_id` int(11) NOT NULL AUTO_INCREMENT,
  `student_id` int(11) DEFAULT NULL,
  `complaint` varchar(100) DEFAULT NULL,
  `reply` varchar(100) DEFAULT NULL,
  `date` varchar(100) DEFAULT NULL,
  PRIMARY KEY (`complaint_id`)
) ENGINE=MyISAM AUTO_INCREMENT=3 DEFAULT CHARSET=latin1;

/*Data for the table `complaint` */

insert  into `complaint`(`complaint_id`,`student_id`,`complaint`,`reply`,`date`) values 
(1,1,'giod','pending','2023-01-22'),
(2,1,'hai','ok','2023-01-22');

/*Table structure for table `farmes` */

DROP TABLE IF EXISTS `farmes`;

CREATE TABLE `farmes` (
  `farme_id` int(11) NOT NULL AUTO_INCREMENT,
  `video_id` int(11) DEFAULT NULL,
  `path` varchar(100) DEFAULT NULL,
  `frames` varchar(1000) DEFAULT NULL,
  PRIMARY KEY (`farme_id`)
) ENGINE=MyISAM AUTO_INCREMENT=48 DEFAULT CHARSET=latin1;

/*Data for the table `farmes` */

insert  into `farmes`(`farme_id`,`video_id`,`path`,`frames`) values 
(1,2,'static/farmes/8a1c9351-be51-42d0-bf14-c5ecde02c017.jpg','bir and Googles. For more news, download CCTVNEWS APP, and follow @CCTVNEWS on Twitter, Facebook,\n€ 7 eww | O_o'),
(2,2,'static/farmes/ac8a0343-a5a5-4184-9912-0d79b6a6ab68.jpg','Googles. For more news, download CCTVNEWS APP, and follow @CCTVNEWS on Twitter, Facebook, YouTui\n———= @ Ae\" he ———'),
(3,2,'static/farmes/a2ec965a-5f73-4fef-8248-1a2356170ee5.jpg','2+. For more news, download CCTVNEWS APP, and follow @CCTVNEWS on Twitter. Facebook, YouTube, We\n¢ Ae\" FE ke ~—— ———'),
(4,2,'static/farmes/69fe6880-1930-4825-827d-4e029e07e041.jpg','more news, download CCTVNEWS APP, and follow @CCTVNEWS on Twitter, Facebook, YouTube\na TD ern bee ——— ——1'),
(5,2,'static/farmes/9ed25ed3-fb1f-421d-b96a-58569ebc8f4a.jpg','eee hoch aoe\n\nLl\n\nid follow @CCTVNEWS on Twitter, Facebook. YouTube. Weibo. Wechat,\nern he ——— ——}'),
(6,2,'static/farmes/082c8b5b-6d98-40df-acb6-6394d5b3af2f.jpg',''),
(7,2,'static/farmes/f08e47a6-9be8-4167-bf5a-5cc971960b0d.jpg','(So\n\n \n     \n\naed y )\nInterface helps paralyzed monkeys walk again [Ua\n\nJ CCTVNEWS APP, and follow @CCTVNEWS on Twitter, Facebook, YouTube, Weibo, Wechat, Tumblr and ¢'),
(8,2,'static/farmes/05ffc051-03e2-46cd-a7d3-9ce8bb51dec5.jpg','(<q\n\n \n   \n\nInterface helps paralyzed monkeys walk again MUG\nTue coun noe me ae'),
(9,2,'static/farmes/0ff51fa5-d742-412c-a10e-37b3145db9a0.jpg','(Sq\n\n \n   \n\nad\nDas.\n\nTumblr and Google*. For\n\nInterface helps paralyzed monkeys walk again\nPOR ue a'),
(10,2,'static/farmes/e7fe4b41-18d0-4dca-aace-07df2d27c616.jpg','Facebook, YouTube. Weibo, Wechat, Tumblr and Googles. For more né'),
(11,2,'static/farmes/ecfde23e-f60c-41cd-9143-13906bdca931.jpg','Crea an UI es a Phen emcee'),
(12,2,'static/farmes/5d35d387-23c9-423c-a97e-44cda49e463a.jpg','pe Cy\n\n \n\nacak 4\n\nCTVNEWS on Twitter, Facebook, YouTube, Weibo, Wechat, Tumbir and Google+. For more news, downloac'),
(13,2,'static/farmes/dcbd1f55-cbc7-41a7-bb4b-ab652daeb1ac.jpg','WS on Twitter, Facebook, YouTube, Weibo, Wechat, Tumbir and Googlet. For more news, download CCTV'),
(14,2,'static/farmes/9a25db2a-51a8-41d9-99c3-5735ce754aa6.jpg','Twitter, Facebook, YouTube, Weibo. Wechat, Tumbir and Googles. For more news, download CCTVNEWS'),
(15,2,'static/farmes/052c296a-aa8e-4040-8d57-c10009b72369.jpg','—— re,\nr, Facebook, YouTube, Weibo, Wechat, Tumbir and Googles. For more news, download CCTVNEWS APP, a'),
(16,2,'static/farmes/4b392944-e3b8-4394-82f6-3adc2d752f68.jpg','book. YouTube, Weibo, Wechat, Tumbir and Google®. For more news, download CCTVNEWS APP, and fol'),
(17,2,'static/farmes/81725e8b-4a3e-4ac7-a416-f334060931de.jpg','Ped\n\n \n\nCCE CS ecco omc me Rac Oe Mole cans'),
(18,2,'static/farmes/2ac75f29-ce07-461f-9492-ff3acc6ba770.jpg','eibo, Wechat, Tumbir and Google*. For more news, download CCTVNEWS APP, and follow @CCTVNEWS on'),
(19,2,'static/farmes/d764f5b4-44e4-433a-806a-930dcb2ace16.jpg','. Tumbir and Googlet. For more news, download CCTVNEWS APP, and follow @CCTVNEWS on Twitter. Face'),
(20,2,'static/farmes/63a2351e-2c22-4d1b-b475-1194d8807794.jpg','bir and Googles. For more news, download CCTVNEWS APP, and follow @CCTVNEWS on Twitter, Facebook,'),
(21,2,'static/farmes/8e3dcb07-5a8b-4258-a497-05fb0a157894.jpg','a ao\n\nlee Ee eae oe ee THEVA rd rm RWSL ee anny\nT YW q, Exterition Hotepor'),
(22,2,'static/farmes/9ac10819-7c39-4612-88df-515185ad7394.jpg','ct\n\na\n\noa (encod Cova Geni Brae ee, Cra Cisse CC anor\n\n \n\nET, |'),
(23,2,'static/farmes/7ed9d102-c1db-46ad-a381-777097f4eed0.jpg','(7) ! —\n\nuc Cries ee an ead od ox SERS ay Facebook, YouTube. Weibo. \n\n \n\nTT'),
(24,3,'static/farmes/3f3b6058-1a2e-4a90-9f85-26297c3ff173.jpg','Introduction to Predictive Analytics\n\n \n\n* The aim of predictive analytics is to build an analytical\nmodel predicting a target measure of interest.\n\n* Two types of predictive analytics\n* Regression\n¢ The target variable is continuous\n* Eg: predicting stock prices, loss given default\n(LGD), and customer lifetime value (CLV)\n* Classification\n¢ The target is categorical.\n\n* It can be binary (e.g., fraud, churn, credit risk) or\nmulticlass (e.g., predicting credit ratings)'),
(25,3,'static/farmes/44e1aa35-fb82-47dc-b51b-715bf753f15d.jpg','Introduction to Predictive Analytics\n\n \n\n* The aim of predictive analytics is to build an analytical\nmodel predicting a target measure of interest.\n\n* Two types of predictive analytics\n¢ Regression\n¢ The target variable is continuous\n* Eg: predicting stock prices, loss given default\n(LGD), and customer lifetime value (CLV)\n* Classification\n* The target is categorical.\n\n* It can be binary (e.g., fraud, churn, credit risk) or\nmulticlass (e.g., predicting credit ratings)'),
(26,3,'static/farmes/88b42417-fad8-44fc-9f9c-070d610ae7b0.jpg','Introduction to Predictive Analytics\n\n \n\n* The aim of predictive analytics is to build an analytical\nmodel predicting a target measure of interest.\n\n* Two types of predictive analytics\n* Regression\n¢ The target variable is continuous\n* Eg: predicting stock prices, loss given default\n(LGD), and customer lifetime value (CLV)\n* Classification\n¢ The target is categorical.\n\n¢ It can be binary (e.g., fraud, churn, credit risk) or\nmulticlass (e.g., predicting credit ratings)'),
(27,3,'static/farmes/991086c2-a09f-42a3-929a-526e7c2e4048.jpg','Target Definition\n\n \n\n* It is of key importance that the target is appropriately\ndefined.\n° Eg:\n* Custromer Churn\n* Active : the customer stops the relationship with the\nfirm\n* Passive : when a customer decreases the intensity of the\nrelationship with the firm\n¢ Forced : the company stops the relationship with the\ncustomer'),
(28,3,'static/farmes/dba4d1fb-338d-467c-aa4d-dad94fdd1686.jpg','Target Definition\n\n \n\n¢ It is of key importance that the target is appropriately\ndefined.\n° Eg:\n* Custromer Churn\n* Active : the customer stops the relationship with the\nfirm\n* Passive : when a customer decreases the intensity of the\nrelationship with the firm\n¢ Forced : the company stops the relationship with the\ncustomer'),
(29,3,'static/farmes/17d9f76f-0c2c-4b10-bceb-a22569be8052.jpg','Eva (cme DTeyebibin cee\n\n \n\n* It is of key importance that the target is appropriately\ndefined.\n° Kg:\n* Custromer Churn\n* Active : the customer stops the relationship with the\nfirm\n* Passive : when a customer decreases the intensity of the\nrelationship with the firm\n¢ Forced : the company stops the relationship with the\ncustomer'),
(30,3,'static/farmes/d0ef2ac5-d055-444a-b0c2-85c6ed03ec90.jpg','BEV ae (c me DT eyrbibinceyel\n\n \n\n* It is of key importance that the target is appropriately\ndefined.\n° Eg:\n* Custromer Churn\n* Active : the customer stops the relationship with the\nfirm\n* Passive : when a customer decreases the intensity of the\nrelationship with the firm\n¢ Forced : the company stops the relationship with the\ncustomer'),
(31,3,'static/farmes/d9299856-ef38-4301-8d5d-832e296d08d8.jpg','Eva (cae DTeyrbibinceyel\n\n \n\n¢ It is of key importance that the target is appropriately\ndefined.\n° Kg:\n* Custromer Churn\n* Active : the customer stops the relationship with the\nfirm\n* Passive : when a customer decreases the intensity of the\nrelationship with the firm\n¢ Forced : the company stops the relationship with the\ncustomer'),
(32,3,'static/farmes/8255c9ae-bfb9-4548-9d95-0bc4a1c518ea.jpg','BEV ae (cme DTeyrbibinceye\n\n \n\n* It is of key importance that the target is appropriately\ndefined.\n° Eg:\n* Custromer Churn\n* Active : the customer stops the relationship with the\nfirm\n* Passive : when a customer decreases the intensity of the\nrelationship with the firm\n¢ Forced : the company stops the relationship with the\ncustomer'),
(33,3,'static/farmes/53c12a6c-9810-4f0d-837d-23a577388e5c.jpg','Eva (cae DTeyrbibin cee\n\n \n\n* It is of key importance that the target is appropriately\ndefined.\n° Eg:\n* Custromer Churn\n* Active : the customer stops the relationship with the\nfirm\n* Passive : when a customer decreases the intensity of the\nrelationship with the firm\n¢ Forced : the company stops the relationship with the\ncustomer'),
(34,3,'static/farmes/342675e1-ef32-4b64-a617-fddbcca31d43.jpg','Eva (cme DTeyrbibin cose\n\n \n\n* It is of key importance that the target is appropriately\ndefined.\n° Kg:\n* Custromer Churn\n* Active : the customer stops the relationship with the\nfirm\n* Passive : when a customer decreases the intensity of the\nrelationship with the firm\n¢ Forced : the company stops the relationship with the\ncustomer'),
(35,3,'static/farmes/e4840eb0-152d-47e2-96f4-395f2121ff64.jpg','Target Definition\n\n \n\n* It is of key importance that the target is appropriately\ndefined.\n° Kg:\n* Custromer Churn\n* Active : the customer stops the relationship with the\nfirm\n* Passive : when a customer decreases the intensity of the\nrelationship with the firm\n¢ Forced : the company stops the relationship with the\ncustomer'),
(36,3,'static/farmes/4bca8367-15c6-451f-9ba6-6a113a15885c.jpg','Target Definition\n\n \n\n* Eg: (Continuous)\n* Customer lifetime value\n\na\n“ S > (1+ oo\n\n* where n represents the time horizon considered\n(typically two to three years), Rt the revenue at time t\n(both direct and indirect), Ct the costs incurred at time\n(both direct and indirect), st the survival probability at\ntime t, and d the discounting factor.'),
(37,3,'static/farmes/865027db-8ff3-4fb5-9a26-5d4cf4a945b6.jpg','Target Definition\n\n \n\n¢ Eg: (Continuous)\n* Customer lifetime value\n\n(R, -\n“— S > (1+ ee\n\n* where n represents the time horizon considered\n(typically two to three years), Rt the revenue at time t\n(both direct and indirect), Ct the costs incurred at time\n(both direct and indirect), st the survival probability at\ntime t, and d the discounting factor.'),
(38,3,'static/farmes/0bdc27ef-420d-4ab0-9b16-6ba34619b5ca.jpg','Target Definition\n\n \n\n¢ Eg: (Continuous)\n* Customer lifetime value\n\n= ae ae\n\n* where n represents the time horizon considered\n(typically two to three years), Rt the revenue at time |\n(both direct and indirect), Ct the costs incurred at time |\n(both direct and indirect), st the survival probability at\ntime t, and d the discounting factor.'),
(39,3,'static/farmes/7a6b26cc-02fa-464f-b302-517822b79082.jpg','Target Definition\n\n \n\n* Eg: (Continuous)\n* Customer lifetime value\n\ni\nme > (1+ <a\n\n* where n represents the time horizon considered\n(typically two to three years), Rt the revenue at time t\n(both direct and indirect), Ct the costs incurred at time |\n(both direct and indirect), st the survival probability at\ntime t, and d the discounting factor.'),
(40,3,'static/farmes/2ff99a44-facd-4553-9c8e-caa5e8c50219.jpg','Target Definition\n\n \n\n* Eg: (Continuous)\n* Customer lifetime value\n\n(t=\nv=o a\n\ni=l\n\n* where n represents the time horizon considered\n(typically two to three years), Rt the revenue at time t\n(both direct and indirect), Ct the costs incurred at time |\n(both direct and indirect), st the survival probability at\ntime t, and d the discounting factor.'),
(41,3,'static/farmes/da8c9cc5-1453-4b12-951c-32c3a194a393.jpg','BEV ge (cme DT eyrbibinceyel\n\n \n\n* Eg: (Continuous)\n* Customer lifetime value\n\ni, =\n“* Y (1+ ee\n\n* where n represents the time horizon considered\n(typically two to three years), Rt the revenue at time |\n(both direct and indirect), Ct the costs incurred at time |\n(both direct and indirect), st the survival probability at\ntime t, and d the discounting factor.'),
(42,3,'static/farmes/a3051f0d-c504-414a-b0b3-ffcd24705f9d.jpg','Target Definition\n\n \n\n* Eg: (Continuous)\n* Customer lifetime value\n\n=s* eee ae\n\n* where n represents the time horizon considered\n(typically two to three years), Rt the revenue at time |\n(both direct and indirect), Ct the costs incurred at time |\n(both direct and indirect), st the survival probability at\ntime t, and d the discounting factor.'),
(43,3,'static/farmes/a9c9e99e-2176-4ec1-ad9b-45176255f152.jpg','Target Definition\n\n \n\n* Eg: (Continuous)\n* Customer lifetime value\n\n= oe ae\n\n* where n represents the time horizon considered\n(typically two to three years), Rt the revenue at time |\n(both direct and indirect), Ct the costs incurred at time |\n(both direct and indirect), st the survival probability at\ntime t, and d the discounting factor.'),
(44,3,'static/farmes/f59f360d-dcdf-4ad5-a797-00e1cbf5e114.jpg','Target Definition\n\n \n\n* Eg: (Continuous)\n* Customer lifetime value\n\n(R, -\nae —\n\ni=l\n\n* where n represents the time horizon considered\n(typically two to three years), Rt the revenue at time |\n(both direct and indirect), Ct the costs incurred at time |\n(both direct and indirect), st the survival probability at\ntime t, and d the discounting factor.'),
(45,3,'static/farmes/02833a5a-7c2a-4e79-a4e8-d76cb99aa8c3.jpg','Target Definition\n\n \n\n* Eg: (Continuous)\n* Customer lifetime value\n\n(k=\n= > (1+ ae\n\n* where n represents the time horizon considered\n(typically two to three years), Rt the revenue at time |\n(both direct and indirect), Ct the costs incurred at time |\n(both direct and indirect), st the survival probability at\ntime t, and d the discounting factor.'),
(46,3,'static/farmes/a7cb0043-d605-4102-ae06-4a44f1d0fe37.jpg','Target Definition\n\n \n\n* Eg: (Continuous)\n* Customer lifetime value\n\ni\n= > (1+ ae\n\n* where n represents the time horizon considered\n(typically two to three years), Rt the revenue at time |\n(both direct and indirect), Ct the costs incurred at time |\n(both direct and indirect), st the survival probability at\ntime t, and d the discounting factor.'),
(47,3,'static/farmes/f90397ca-0ee4-4c26-a5f0-2d9c93dde0a6.jpg','Target Definition\n\n \n\n* Eg: (Continuous)\n* Customer lifetime value\n\n(R, -\n“ > (1+ ee\n\n* where n represents the time horizon considered\n(typically two to three years), Rt the revenue at time |\n(both direct and indirect), Ct the costs incurred at time\n(both direct and indirect), st the survival probability at\ntime t, and d the discounting factor.');

/*Table structure for table `keyword` */

DROP TABLE IF EXISTS `keyword`;

CREATE TABLE `keyword` (
  `keyword_id` int(11) NOT NULL AUTO_INCREMENT,
  `farme_id` int(11) DEFAULT NULL,
  `keyword` varchar(100) DEFAULT NULL,
  PRIMARY KEY (`keyword_id`)
) ENGINE=MyISAM AUTO_INCREMENT=1766 DEFAULT CHARSET=latin1;

/*Data for the table `keyword` */

insert  into `keyword`(`keyword_id`,`farme_id`,`keyword`) values 
(1,1,'bir'),
(2,1,'Googles.'),
(3,1,'For'),
(4,1,'news,'),
(5,1,'download'),
(6,1,'CCTVNEWS'),
(7,1,'APP,'),
(8,1,'follow'),
(9,1,'@CCTVNEWS'),
(10,1,'Twitter,'),
(11,1,'Facebook,\n€'),
(12,1,'7'),
(13,1,'eww'),
(14,1,'|'),
(15,1,'O_o'),
(16,2,'Googles.'),
(17,2,'For'),
(18,2,'news,'),
(19,2,'download'),
(20,2,'CCTVNEWS'),
(21,2,'APP,'),
(22,2,'follow'),
(23,2,'@CCTVNEWS'),
(24,2,'Twitter,'),
(25,2,'Facebook,'),
(26,2,'YouTui\n———='),
(27,2,'@'),
(28,2,'Ae\"'),
(29,2,'———'),
(30,3,'2+.'),
(31,3,'For'),
(32,3,'news,'),
(33,3,'download'),
(34,3,'CCTVNEWS'),
(35,3,'APP,'),
(36,3,'follow'),
(37,3,'@CCTVNEWS'),
(38,3,'Twitter.'),
(39,3,'Facebook,'),
(40,3,'YouTube,'),
(41,3,'We\n¢'),
(42,3,'Ae\"'),
(43,3,'FE'),
(44,3,'ke'),
(45,3,'~——'),
(46,3,'———'),
(47,4,'news,'),
(48,4,'download'),
(49,4,'CCTVNEWS'),
(50,4,'APP,'),
(51,4,'follow'),
(52,4,'@CCTVNEWS'),
(53,4,'Twitter,'),
(54,4,'Facebook,'),
(55,4,'YouTube\na'),
(56,4,'TD'),
(57,4,'ern'),
(58,4,'bee'),
(59,4,'———'),
(60,4,'——1'),
(61,5,'eee'),
(62,5,'hoch'),
(63,5,'aoe\n\nLl\n\nid'),
(64,5,'follow'),
(65,5,'@CCTVNEWS'),
(66,5,'Twitter,'),
(67,5,'Facebook.'),
(68,5,'YouTube.'),
(69,5,'Weibo.'),
(70,5,'Wechat,\nern'),
(71,5,'———'),
(72,5,'——}'),
(73,6,''),
(74,7,'(So'),
(75,7,''),
(76,7,''),
(77,7,''),
(78,7,''),
(79,7,''),
(80,7,'aed'),
(81,7,'y'),
(82,7,')\nInterface'),
(83,7,'helps'),
(84,7,'paralyzed'),
(85,7,'monkeys'),
(86,7,'walk'),
(87,7,'[Ua\n\nJ'),
(88,7,'CCTVNEWS'),
(89,7,'APP,'),
(90,7,'follow'),
(91,7,'@CCTVNEWS'),
(92,7,'Twitter,'),
(93,7,'Facebook,'),
(94,7,'YouTube,'),
(95,7,'Weibo,'),
(96,7,'Wechat,'),
(97,7,'Tumblr'),
(98,7,'¢'),
(99,8,'(<q'),
(100,8,''),
(101,8,''),
(102,8,''),
(103,8,'Interface'),
(104,8,'helps'),
(105,8,'paralyzed'),
(106,8,'monkeys'),
(107,8,'walk'),
(108,8,'MUG\nTue'),
(109,8,'coun'),
(110,8,'noe'),
(111,8,'ae'),
(112,9,'(Sq'),
(113,9,''),
(114,9,''),
(115,9,''),
(116,9,'ad\nDas.\n\nTumblr'),
(117,9,'Google*.'),
(118,9,'For\n\nInterface'),
(119,9,'helps'),
(120,9,'paralyzed'),
(121,9,'monkeys'),
(122,9,'walk'),
(123,9,'again\nPOR'),
(124,9,'ue'),
(125,10,'Facebook,'),
(126,10,'YouTube.'),
(127,10,'Weibo,'),
(128,10,'Wechat,'),
(129,10,'Tumblr'),
(130,10,'Googles.'),
(131,10,'For'),
(132,10,'né'),
(133,11,'Crea'),
(134,11,'UI'),
(135,11,'es'),
(136,11,'Phen'),
(137,11,'emcee'),
(138,12,'pe'),
(139,12,'Cy'),
(140,12,'acak'),
(141,12,'4\n\nCTVNEWS'),
(142,12,'Twitter,'),
(143,12,'Facebook,'),
(144,12,'YouTube,'),
(145,12,'Weibo,'),
(146,12,'Wechat,'),
(147,12,'Tumbir'),
(148,12,'Google+.'),
(149,12,'For'),
(150,12,'news,'),
(151,12,'downloac'),
(152,13,'WS'),
(153,13,'Twitter,'),
(154,13,'Facebook,'),
(155,13,'YouTube,'),
(156,13,'Weibo,'),
(157,13,'Wechat,'),
(158,13,'Tumbir'),
(159,13,'Googlet.'),
(160,13,'For'),
(161,13,'news,'),
(162,13,'download'),
(163,13,'CCTV'),
(164,14,'Twitter,'),
(165,14,'Facebook,'),
(166,14,'YouTube,'),
(167,14,'Weibo.'),
(168,14,'Wechat,'),
(169,14,'Tumbir'),
(170,14,'Googles.'),
(171,14,'For'),
(172,14,'news,'),
(173,14,'download'),
(174,14,'CCTVNEWS'),
(175,15,'——'),
(176,15,'re,\nr,'),
(177,15,'Facebook,'),
(178,15,'YouTube,'),
(179,15,'Weibo,'),
(180,15,'Wechat,'),
(181,15,'Tumbir'),
(182,15,'Googles.'),
(183,15,'For'),
(184,15,'news,'),
(185,15,'download'),
(186,15,'CCTVNEWS'),
(187,15,'APP,'),
(188,16,'book.'),
(189,16,'YouTube,'),
(190,16,'Weibo,'),
(191,16,'Wechat,'),
(192,16,'Tumbir'),
(193,16,'Google®.'),
(194,16,'For'),
(195,16,'news,'),
(196,16,'download'),
(197,16,'CCTVNEWS'),
(198,16,'APP,'),
(199,16,'fol'),
(200,6,''),
(201,17,'Ped'),
(202,17,'CCE'),
(203,17,'CS'),
(204,17,'ecco'),
(205,17,'omc'),
(206,17,'Rac'),
(207,17,'Oe'),
(208,17,'Mole'),
(209,17,'cans'),
(210,18,'eibo,'),
(211,18,'Wechat,'),
(212,18,'Tumbir'),
(213,18,'Google*.'),
(214,18,'For'),
(215,18,'news,'),
(216,18,'download'),
(217,18,'CCTVNEWS'),
(218,18,'APP,'),
(219,18,'follow'),
(220,18,'@CCTVNEWS'),
(221,6,''),
(222,19,'.'),
(223,19,'Tumbir'),
(224,19,'Googlet.'),
(225,19,'For'),
(226,19,'news,'),
(227,19,'download'),
(228,19,'CCTVNEWS'),
(229,19,'APP,'),
(230,19,'follow'),
(231,19,'@CCTVNEWS'),
(232,19,'Twitter.'),
(233,19,'Face'),
(234,20,'bir'),
(235,20,'Googles.'),
(236,20,'For'),
(237,20,'news,'),
(238,20,'download'),
(239,20,'CCTVNEWS'),
(240,20,'APP,'),
(241,20,'follow'),
(242,20,'@CCTVNEWS'),
(243,20,'Twitter,'),
(244,20,'Facebook,'),
(245,21,'ao\n\nlee'),
(246,21,'Ee'),
(247,21,'eae'),
(248,21,'oe'),
(249,21,'ee'),
(250,21,'THEVA'),
(251,21,'rd'),
(252,21,'rm'),
(253,21,'RWSL'),
(254,21,'ee'),
(255,21,'anny\nT'),
(256,21,'YW'),
(257,21,'q,'),
(258,21,'Exterition'),
(259,21,'Hotepor'),
(260,22,'ct\n\na\n\noa'),
(261,22,'(encod'),
(262,22,'Cova'),
(263,22,'Geni'),
(264,22,'Brae'),
(265,22,'ee,'),
(266,22,'Cra'),
(267,22,'Cisse'),
(268,22,'CC'),
(269,22,'anor'),
(270,22,'ET,'),
(271,22,'|'),
(272,23,'(7)'),
(273,23,'!'),
(274,23,'—\n\nuc'),
(275,23,'Cries'),
(276,23,'ee'),
(277,23,'ead'),
(278,23,'od'),
(279,23,'ox'),
(280,23,'SERS'),
(281,23,'ay'),
(282,23,'Facebook,'),
(283,23,'YouTube.'),
(284,23,'Weibo.'),
(285,24,'Introduction'),
(286,24,'Predictive'),
(287,24,'Analytics'),
(288,24,'*'),
(289,24,'The'),
(290,24,'aim'),
(291,24,'predictive'),
(292,24,'analytics'),
(293,24,'build'),
(294,24,'analytical\nmodel'),
(295,24,'predicting'),
(296,24,'target'),
(297,24,'measure'),
(298,24,'interest.\n\n*'),
(299,24,'Two'),
(300,24,'types'),
(301,24,'predictive'),
(302,24,'analytics\n*'),
(303,24,'Regression\n¢'),
(304,24,'The'),
(305,24,'target'),
(306,24,'variable'),
(307,24,'continuous\n*'),
(308,24,'Eg:'),
(309,24,'predicting'),
(310,24,'stock'),
(311,24,'prices,'),
(312,24,'loss'),
(313,24,'given'),
(314,24,'default\n(LGD),'),
(315,24,'customer'),
(316,24,'lifetime'),
(317,24,'value'),
(318,24,'(CLV)\n*'),
(319,24,'Classification\n¢'),
(320,24,'The'),
(321,24,'target'),
(322,24,'categorical.\n\n*'),
(323,24,'It'),
(324,24,'binary'),
(325,24,'(e.g.,'),
(326,24,'fraud,'),
(327,24,'churn,'),
(328,24,'credit'),
(329,24,'risk)'),
(330,24,'or\nmulticlass'),
(331,24,'(e.g.,'),
(332,24,'predicting'),
(333,24,'credit'),
(334,24,'ratings)'),
(335,25,'Introduction'),
(336,25,'Predictive'),
(337,25,'Analytics'),
(338,25,'*'),
(339,25,'The'),
(340,25,'aim'),
(341,25,'predictive'),
(342,25,'analytics'),
(343,25,'build'),
(344,25,'analytical\nmodel'),
(345,25,'predicting'),
(346,25,'target'),
(347,25,'measure'),
(348,25,'interest.\n\n*'),
(349,25,'Two'),
(350,25,'types'),
(351,25,'predictive'),
(352,25,'analytics\n¢'),
(353,25,'Regression\n¢'),
(354,25,'The'),
(355,25,'target'),
(356,25,'variable'),
(357,25,'continuous\n*'),
(358,25,'Eg:'),
(359,25,'predicting'),
(360,25,'stock'),
(361,25,'prices,'),
(362,25,'loss'),
(363,25,'given'),
(364,25,'default\n(LGD),'),
(365,25,'customer'),
(366,25,'lifetime'),
(367,25,'value'),
(368,25,'(CLV)\n*'),
(369,25,'Classification\n*'),
(370,25,'The'),
(371,25,'target'),
(372,25,'categorical.\n\n*'),
(373,25,'It'),
(374,25,'binary'),
(375,25,'(e.g.,'),
(376,25,'fraud,'),
(377,25,'churn,'),
(378,25,'credit'),
(379,25,'risk)'),
(380,25,'or\nmulticlass'),
(381,25,'(e.g.,'),
(382,25,'predicting'),
(383,25,'credit'),
(384,25,'ratings)'),
(385,24,'Introduction'),
(386,24,'Predictive'),
(387,24,'Analytics'),
(388,24,'*'),
(389,24,'The'),
(390,24,'aim'),
(391,24,'predictive'),
(392,24,'analytics'),
(393,24,'build'),
(394,24,'analytical\nmodel'),
(395,24,'predicting'),
(396,24,'target'),
(397,24,'measure'),
(398,24,'interest.\n\n*'),
(399,24,'Two'),
(400,24,'types'),
(401,24,'predictive'),
(402,24,'analytics\n*'),
(403,24,'Regression\n¢'),
(404,24,'The'),
(405,24,'target'),
(406,24,'variable'),
(407,24,'continuous\n*'),
(408,24,'Eg:'),
(409,24,'predicting'),
(410,24,'stock'),
(411,24,'prices,'),
(412,24,'loss'),
(413,24,'given'),
(414,24,'default\n(LGD),'),
(415,24,'customer'),
(416,24,'lifetime'),
(417,24,'value'),
(418,24,'(CLV)\n*'),
(419,24,'Classification\n¢'),
(420,24,'The'),
(421,24,'target'),
(422,24,'categorical.\n\n*'),
(423,24,'It'),
(424,24,'binary'),
(425,24,'(e.g.,'),
(426,24,'fraud,'),
(427,24,'churn,'),
(428,24,'credit'),
(429,24,'risk)'),
(430,24,'or\nmulticlass'),
(431,24,'(e.g.,'),
(432,24,'predicting'),
(433,24,'credit'),
(434,24,'ratings)'),
(435,26,'Introduction'),
(436,26,'Predictive'),
(437,26,'Analytics'),
(438,26,'*'),
(439,26,'The'),
(440,26,'aim'),
(441,26,'predictive'),
(442,26,'analytics'),
(443,26,'build'),
(444,26,'analytical\nmodel'),
(445,26,'predicting'),
(446,26,'target'),
(447,26,'measure'),
(448,26,'interest.\n\n*'),
(449,26,'Two'),
(450,26,'types'),
(451,26,'predictive'),
(452,26,'analytics\n*'),
(453,26,'Regression\n¢'),
(454,26,'The'),
(455,26,'target'),
(456,26,'variable'),
(457,26,'continuous\n*'),
(458,26,'Eg:'),
(459,26,'predicting'),
(460,26,'stock'),
(461,26,'prices,'),
(462,26,'loss'),
(463,26,'given'),
(464,26,'default\n(LGD),'),
(465,26,'customer'),
(466,26,'lifetime'),
(467,26,'value'),
(468,26,'(CLV)\n*'),
(469,26,'Classification\n¢'),
(470,26,'The'),
(471,26,'target'),
(472,26,'categorical.\n\n¢'),
(473,26,'It'),
(474,26,'binary'),
(475,26,'(e.g.,'),
(476,26,'fraud,'),
(477,26,'churn,'),
(478,26,'credit'),
(479,26,'risk)'),
(480,26,'or\nmulticlass'),
(481,26,'(e.g.,'),
(482,26,'predicting'),
(483,26,'credit'),
(484,26,'ratings)'),
(485,26,'Introduction'),
(486,26,'Predictive'),
(487,26,'Analytics'),
(488,26,'*'),
(489,26,'The'),
(490,26,'aim'),
(491,26,'predictive'),
(492,26,'analytics'),
(493,26,'build'),
(494,26,'analytical\nmodel'),
(495,26,'predicting'),
(496,26,'target'),
(497,26,'measure'),
(498,26,'interest.\n\n*'),
(499,26,'Two'),
(500,26,'types'),
(501,26,'predictive'),
(502,26,'analytics\n*'),
(503,26,'Regression\n¢'),
(504,26,'The'),
(505,26,'target'),
(506,26,'variable'),
(507,26,'continuous\n*'),
(508,26,'Eg:'),
(509,26,'predicting'),
(510,26,'stock'),
(511,26,'prices,'),
(512,26,'loss'),
(513,26,'given'),
(514,26,'default\n(LGD),'),
(515,26,'customer'),
(516,26,'lifetime'),
(517,26,'value'),
(518,26,'(CLV)\n*'),
(519,26,'Classification\n¢'),
(520,26,'The'),
(521,26,'target'),
(522,26,'categorical.\n\n¢'),
(523,26,'It'),
(524,26,'binary'),
(525,26,'(e.g.,'),
(526,26,'fraud,'),
(527,26,'churn,'),
(528,26,'credit'),
(529,26,'risk)'),
(530,26,'or\nmulticlass'),
(531,26,'(e.g.,'),
(532,26,'predicting'),
(533,26,'credit'),
(534,26,'ratings)'),
(535,26,'Introduction'),
(536,26,'Predictive'),
(537,26,'Analytics'),
(538,26,'*'),
(539,26,'The'),
(540,26,'aim'),
(541,26,'predictive'),
(542,26,'analytics'),
(543,26,'build'),
(544,26,'analytical\nmodel'),
(545,26,'predicting'),
(546,26,'target'),
(547,26,'measure'),
(548,26,'interest.\n\n*'),
(549,26,'Two'),
(550,26,'types'),
(551,26,'predictive'),
(552,26,'analytics\n*'),
(553,26,'Regression\n¢'),
(554,26,'The'),
(555,26,'target'),
(556,26,'variable'),
(557,26,'continuous\n*'),
(558,26,'Eg:'),
(559,26,'predicting'),
(560,26,'stock'),
(561,26,'prices,'),
(562,26,'loss'),
(563,26,'given'),
(564,26,'default\n(LGD),'),
(565,26,'customer'),
(566,26,'lifetime'),
(567,26,'value'),
(568,26,'(CLV)\n*'),
(569,26,'Classification\n¢'),
(570,26,'The'),
(571,26,'target'),
(572,26,'categorical.\n\n¢'),
(573,26,'It'),
(574,26,'binary'),
(575,26,'(e.g.,'),
(576,26,'fraud,'),
(577,26,'churn,'),
(578,26,'credit'),
(579,26,'risk)'),
(580,26,'or\nmulticlass'),
(581,26,'(e.g.,'),
(582,26,'predicting'),
(583,26,'credit'),
(584,26,'ratings)'),
(585,26,'Introduction'),
(586,26,'Predictive'),
(587,26,'Analytics'),
(588,26,'*'),
(589,26,'The'),
(590,26,'aim'),
(591,26,'predictive'),
(592,26,'analytics'),
(593,26,'build'),
(594,26,'analytical\nmodel'),
(595,26,'predicting'),
(596,26,'target'),
(597,26,'measure'),
(598,26,'interest.\n\n*'),
(599,26,'Two'),
(600,26,'types'),
(601,26,'predictive'),
(602,26,'analytics\n*'),
(603,26,'Regression\n¢'),
(604,26,'The'),
(605,26,'target'),
(606,26,'variable'),
(607,26,'continuous\n*'),
(608,26,'Eg:'),
(609,26,'predicting'),
(610,26,'stock'),
(611,26,'prices,'),
(612,26,'loss'),
(613,26,'given'),
(614,26,'default\n(LGD),'),
(615,26,'customer'),
(616,26,'lifetime'),
(617,26,'value'),
(618,26,'(CLV)\n*'),
(619,26,'Classification\n¢'),
(620,26,'The'),
(621,26,'target'),
(622,26,'categorical.\n\n¢'),
(623,26,'It'),
(624,26,'binary'),
(625,26,'(e.g.,'),
(626,26,'fraud,'),
(627,26,'churn,'),
(628,26,'credit'),
(629,26,'risk)'),
(630,26,'or\nmulticlass'),
(631,26,'(e.g.,'),
(632,26,'predicting'),
(633,26,'credit'),
(634,26,'ratings)'),
(635,26,'Introduction'),
(636,26,'Predictive'),
(637,26,'Analytics'),
(638,26,'*'),
(639,26,'The'),
(640,26,'aim'),
(641,26,'predictive'),
(642,26,'analytics'),
(643,26,'build'),
(644,26,'analytical\nmodel'),
(645,26,'predicting'),
(646,26,'target'),
(647,26,'measure'),
(648,26,'interest.\n\n*'),
(649,26,'Two'),
(650,26,'types'),
(651,26,'predictive'),
(652,26,'analytics\n*'),
(653,26,'Regression\n¢'),
(654,26,'The'),
(655,26,'target'),
(656,26,'variable'),
(657,26,'continuous\n*'),
(658,26,'Eg:'),
(659,26,'predicting'),
(660,26,'stock'),
(661,26,'prices,'),
(662,26,'loss'),
(663,26,'given'),
(664,26,'default\n(LGD),'),
(665,26,'customer'),
(666,26,'lifetime'),
(667,26,'value'),
(668,26,'(CLV)\n*'),
(669,26,'Classification\n¢'),
(670,26,'The'),
(671,26,'target'),
(672,26,'categorical.\n\n¢'),
(673,26,'It'),
(674,26,'binary'),
(675,26,'(e.g.,'),
(676,26,'fraud,'),
(677,26,'churn,'),
(678,26,'credit'),
(679,26,'risk)'),
(680,26,'or\nmulticlass'),
(681,26,'(e.g.,'),
(682,26,'predicting'),
(683,26,'credit'),
(684,26,'ratings)'),
(685,26,'Introduction'),
(686,26,'Predictive'),
(687,26,'Analytics'),
(688,26,'*'),
(689,26,'The'),
(690,26,'aim'),
(691,26,'predictive'),
(692,26,'analytics'),
(693,26,'build'),
(694,26,'analytical\nmodel'),
(695,26,'predicting'),
(696,26,'target'),
(697,26,'measure'),
(698,26,'interest.\n\n*'),
(699,26,'Two'),
(700,26,'types'),
(701,26,'predictive'),
(702,26,'analytics\n*'),
(703,26,'Regression\n¢'),
(704,26,'The'),
(705,26,'target'),
(706,26,'variable'),
(707,26,'continuous\n*'),
(708,26,'Eg:'),
(709,26,'predicting'),
(710,26,'stock'),
(711,26,'prices,'),
(712,26,'loss'),
(713,26,'given'),
(714,26,'default\n(LGD),'),
(715,26,'customer'),
(716,26,'lifetime'),
(717,26,'value'),
(718,26,'(CLV)\n*'),
(719,26,'Classification\n¢'),
(720,26,'The'),
(721,26,'target'),
(722,26,'categorical.\n\n¢'),
(723,26,'It'),
(724,26,'binary'),
(725,26,'(e.g.,'),
(726,26,'fraud,'),
(727,26,'churn,'),
(728,26,'credit'),
(729,26,'risk)'),
(730,26,'or\nmulticlass'),
(731,26,'(e.g.,'),
(732,26,'predicting'),
(733,26,'credit'),
(734,26,'ratings)'),
(735,26,'Introduction'),
(736,26,'Predictive'),
(737,26,'Analytics'),
(738,26,'*'),
(739,26,'The'),
(740,26,'aim'),
(741,26,'predictive'),
(742,26,'analytics'),
(743,26,'build'),
(744,26,'analytical\nmodel'),
(745,26,'predicting'),
(746,26,'target'),
(747,26,'measure'),
(748,26,'interest.\n\n*'),
(749,26,'Two'),
(750,26,'types'),
(751,26,'predictive'),
(752,26,'analytics\n*'),
(753,26,'Regression\n¢'),
(754,26,'The'),
(755,26,'target'),
(756,26,'variable'),
(757,26,'continuous\n*'),
(758,26,'Eg:'),
(759,26,'predicting'),
(760,26,'stock'),
(761,26,'prices,'),
(762,26,'loss'),
(763,26,'given'),
(764,26,'default\n(LGD),'),
(765,26,'customer'),
(766,26,'lifetime'),
(767,26,'value'),
(768,26,'(CLV)\n*'),
(769,26,'Classification\n¢'),
(770,26,'The'),
(771,26,'target'),
(772,26,'categorical.\n\n¢'),
(773,26,'It'),
(774,26,'binary'),
(775,26,'(e.g.,'),
(776,26,'fraud,'),
(777,26,'churn,'),
(778,26,'credit'),
(779,26,'risk)'),
(780,26,'or\nmulticlass'),
(781,26,'(e.g.,'),
(782,26,'predicting'),
(783,26,'credit'),
(784,26,'ratings)'),
(785,26,'Introduction'),
(786,26,'Predictive'),
(787,26,'Analytics'),
(788,26,'*'),
(789,26,'The'),
(790,26,'aim'),
(791,26,'predictive'),
(792,26,'analytics'),
(793,26,'build'),
(794,26,'analytical\nmodel'),
(795,26,'predicting'),
(796,26,'target'),
(797,26,'measure'),
(798,26,'interest.\n\n*'),
(799,26,'Two'),
(800,26,'types'),
(801,26,'predictive'),
(802,26,'analytics\n*'),
(803,26,'Regression\n¢'),
(804,26,'The'),
(805,26,'target'),
(806,26,'variable'),
(807,26,'continuous\n*'),
(808,26,'Eg:'),
(809,26,'predicting'),
(810,26,'stock'),
(811,26,'prices,'),
(812,26,'loss'),
(813,26,'given'),
(814,26,'default\n(LGD),'),
(815,26,'customer'),
(816,26,'lifetime'),
(817,26,'value'),
(818,26,'(CLV)\n*'),
(819,26,'Classification\n¢'),
(820,26,'The'),
(821,26,'target'),
(822,26,'categorical.\n\n¢'),
(823,26,'It'),
(824,26,'binary'),
(825,26,'(e.g.,'),
(826,26,'fraud,'),
(827,26,'churn,'),
(828,26,'credit'),
(829,26,'risk)'),
(830,26,'or\nmulticlass'),
(831,26,'(e.g.,'),
(832,26,'predicting'),
(833,26,'credit'),
(834,26,'ratings)'),
(835,26,'Introduction'),
(836,26,'Predictive'),
(837,26,'Analytics'),
(838,26,'*'),
(839,26,'The'),
(840,26,'aim'),
(841,26,'predictive'),
(842,26,'analytics'),
(843,26,'build'),
(844,26,'analytical\nmodel'),
(845,26,'predicting'),
(846,26,'target'),
(847,26,'measure'),
(848,26,'interest.\n\n*'),
(849,26,'Two'),
(850,26,'types'),
(851,26,'predictive'),
(852,26,'analytics\n*'),
(853,26,'Regression\n¢'),
(854,26,'The'),
(855,26,'target'),
(856,26,'variable'),
(857,26,'continuous\n*'),
(858,26,'Eg:'),
(859,26,'predicting'),
(860,26,'stock'),
(861,26,'prices,'),
(862,26,'loss'),
(863,26,'given'),
(864,26,'default\n(LGD),'),
(865,26,'customer'),
(866,26,'lifetime'),
(867,26,'value'),
(868,26,'(CLV)\n*'),
(869,26,'Classification\n¢'),
(870,26,'The'),
(871,26,'target'),
(872,26,'categorical.\n\n¢'),
(873,26,'It'),
(874,26,'binary'),
(875,26,'(e.g.,'),
(876,26,'fraud,'),
(877,26,'churn,'),
(878,26,'credit'),
(879,26,'risk)'),
(880,26,'or\nmulticlass'),
(881,26,'(e.g.,'),
(882,26,'predicting'),
(883,26,'credit'),
(884,26,'ratings)'),
(885,27,'Target'),
(886,27,'Definition'),
(887,27,'*'),
(888,27,'It'),
(889,27,'key'),
(890,27,'importance'),
(891,27,'target'),
(892,27,'appropriately\ndefined.\n°'),
(893,27,'Eg:\n*'),
(894,27,'Custromer'),
(895,27,'Churn\n*'),
(896,27,'Active'),
(897,27,':'),
(898,27,'customer'),
(899,27,'stops'),
(900,27,'relationship'),
(901,27,'the\nfirm\n*'),
(902,27,'Passive'),
(903,27,':'),
(904,27,'customer'),
(905,27,'decreases'),
(906,27,'intensity'),
(907,27,'the\nrelationship'),
(908,27,'firm\n¢'),
(909,27,'Forced'),
(910,27,':'),
(911,27,'company'),
(912,27,'stops'),
(913,27,'relationship'),
(914,27,'the\ncustomer'),
(915,28,'Target'),
(916,28,'Definition'),
(917,28,'¢'),
(918,28,'It'),
(919,28,'key'),
(920,28,'importance'),
(921,28,'target'),
(922,28,'appropriately\ndefined.\n°'),
(923,28,'Eg:\n*'),
(924,28,'Custromer'),
(925,28,'Churn\n*'),
(926,28,'Active'),
(927,28,':'),
(928,28,'customer'),
(929,28,'stops'),
(930,28,'relationship'),
(931,28,'the\nfirm\n*'),
(932,28,'Passive'),
(933,28,':'),
(934,28,'customer'),
(935,28,'decreases'),
(936,28,'intensity'),
(937,28,'the\nrelationship'),
(938,28,'firm\n¢'),
(939,28,'Forced'),
(940,28,':'),
(941,28,'company'),
(942,28,'stops'),
(943,28,'relationship'),
(944,28,'the\ncustomer'),
(945,28,'Target'),
(946,28,'Definition'),
(947,28,'¢'),
(948,28,'It'),
(949,28,'key'),
(950,28,'importance'),
(951,28,'target'),
(952,28,'appropriately\ndefined.\n°'),
(953,28,'Eg:\n*'),
(954,28,'Custromer'),
(955,28,'Churn\n*'),
(956,28,'Active'),
(957,28,':'),
(958,28,'customer'),
(959,28,'stops'),
(960,28,'relationship'),
(961,28,'the\nfirm\n*'),
(962,28,'Passive'),
(963,28,':'),
(964,28,'customer'),
(965,28,'decreases'),
(966,28,'intensity'),
(967,28,'the\nrelationship'),
(968,28,'firm\n¢'),
(969,28,'Forced'),
(970,28,':'),
(971,28,'company'),
(972,28,'stops'),
(973,28,'relationship'),
(974,28,'the\ncustomer'),
(975,29,'Eva'),
(976,29,'(cme'),
(977,29,'DTeyebibin'),
(978,29,'cee'),
(979,29,'*'),
(980,29,'It'),
(981,29,'key'),
(982,29,'importance'),
(983,29,'target'),
(984,29,'appropriately\ndefined.\n°'),
(985,29,'Kg:\n*'),
(986,29,'Custromer'),
(987,29,'Churn\n*'),
(988,29,'Active'),
(989,29,':'),
(990,29,'customer'),
(991,29,'stops'),
(992,29,'relationship'),
(993,29,'the\nfirm\n*'),
(994,29,'Passive'),
(995,29,':'),
(996,29,'customer'),
(997,29,'decreases'),
(998,29,'intensity'),
(999,29,'the\nrelationship'),
(1000,29,'firm\n¢'),
(1001,29,'Forced'),
(1002,29,':'),
(1003,29,'company'),
(1004,29,'stops'),
(1005,29,'relationship'),
(1006,29,'the\ncustomer'),
(1007,30,'BEV'),
(1008,30,'ae'),
(1009,30,'(c'),
(1010,30,'DT'),
(1011,30,'eyrbibinceyel'),
(1012,30,'*'),
(1013,30,'It'),
(1014,30,'key'),
(1015,30,'importance'),
(1016,30,'target'),
(1017,30,'appropriately\ndefined.\n°'),
(1018,30,'Eg:\n*'),
(1019,30,'Custromer'),
(1020,30,'Churn\n*'),
(1021,30,'Active'),
(1022,30,':'),
(1023,30,'customer'),
(1024,30,'stops'),
(1025,30,'relationship'),
(1026,30,'the\nfirm\n*'),
(1027,30,'Passive'),
(1028,30,':'),
(1029,30,'customer'),
(1030,30,'decreases'),
(1031,30,'intensity'),
(1032,30,'the\nrelationship'),
(1033,30,'firm\n¢'),
(1034,30,'Forced'),
(1035,30,':'),
(1036,30,'company'),
(1037,30,'stops'),
(1038,30,'relationship'),
(1039,30,'the\ncustomer'),
(1040,31,'Eva'),
(1041,31,'(cae'),
(1042,31,'DTeyrbibinceyel'),
(1043,31,'¢'),
(1044,31,'It'),
(1045,31,'key'),
(1046,31,'importance'),
(1047,31,'target'),
(1048,31,'appropriately\ndefined.\n°'),
(1049,31,'Kg:\n*'),
(1050,31,'Custromer'),
(1051,31,'Churn\n*'),
(1052,31,'Active'),
(1053,31,':'),
(1054,31,'customer'),
(1055,31,'stops'),
(1056,31,'relationship'),
(1057,31,'the\nfirm\n*'),
(1058,31,'Passive'),
(1059,31,':'),
(1060,31,'customer'),
(1061,31,'decreases'),
(1062,31,'intensity'),
(1063,31,'the\nrelationship'),
(1064,31,'firm\n¢'),
(1065,31,'Forced'),
(1066,31,':'),
(1067,31,'company'),
(1068,31,'stops'),
(1069,31,'relationship'),
(1070,31,'the\ncustomer'),
(1071,28,'Target'),
(1072,28,'Definition'),
(1073,28,'¢'),
(1074,28,'It'),
(1075,28,'key'),
(1076,28,'importance'),
(1077,28,'target'),
(1078,28,'appropriately\ndefined.\n°'),
(1079,28,'Eg:\n*'),
(1080,28,'Custromer'),
(1081,28,'Churn\n*'),
(1082,28,'Active'),
(1083,28,':'),
(1084,28,'customer'),
(1085,28,'stops'),
(1086,28,'relationship'),
(1087,28,'the\nfirm\n*'),
(1088,28,'Passive'),
(1089,28,':'),
(1090,28,'customer'),
(1091,28,'decreases'),
(1092,28,'intensity'),
(1093,28,'the\nrelationship'),
(1094,28,'firm\n¢'),
(1095,28,'Forced'),
(1096,28,':'),
(1097,28,'company'),
(1098,28,'stops'),
(1099,28,'relationship'),
(1100,28,'the\ncustomer'),
(1101,32,'BEV'),
(1102,32,'ae'),
(1103,32,'(cme'),
(1104,32,'DTeyrbibinceye'),
(1105,32,'*'),
(1106,32,'It'),
(1107,32,'key'),
(1108,32,'importance'),
(1109,32,'target'),
(1110,32,'appropriately\ndefined.\n°'),
(1111,32,'Eg:\n*'),
(1112,32,'Custromer'),
(1113,32,'Churn\n*'),
(1114,32,'Active'),
(1115,32,':'),
(1116,32,'customer'),
(1117,32,'stops'),
(1118,32,'relationship'),
(1119,32,'the\nfirm\n*'),
(1120,32,'Passive'),
(1121,32,':'),
(1122,32,'customer'),
(1123,32,'decreases'),
(1124,32,'intensity'),
(1125,32,'the\nrelationship'),
(1126,32,'firm\n¢'),
(1127,32,'Forced'),
(1128,32,':'),
(1129,32,'company'),
(1130,32,'stops'),
(1131,32,'relationship'),
(1132,32,'the\ncustomer'),
(1133,33,'Eva'),
(1134,33,'(cae'),
(1135,33,'DTeyrbibin'),
(1136,33,'cee'),
(1137,33,'*'),
(1138,33,'It'),
(1139,33,'key'),
(1140,33,'importance'),
(1141,33,'target'),
(1142,33,'appropriately\ndefined.\n°'),
(1143,33,'Eg:\n*'),
(1144,33,'Custromer'),
(1145,33,'Churn\n*'),
(1146,33,'Active'),
(1147,33,':'),
(1148,33,'customer'),
(1149,33,'stops'),
(1150,33,'relationship'),
(1151,33,'the\nfirm\n*'),
(1152,33,'Passive'),
(1153,33,':'),
(1154,33,'customer'),
(1155,33,'decreases'),
(1156,33,'intensity'),
(1157,33,'the\nrelationship'),
(1158,33,'firm\n¢'),
(1159,33,'Forced'),
(1160,33,':'),
(1161,33,'company'),
(1162,33,'stops'),
(1163,33,'relationship'),
(1164,33,'the\ncustomer'),
(1165,34,'Eva'),
(1166,34,'(cme'),
(1167,34,'DTeyrbibin'),
(1168,34,'cose'),
(1169,34,'*'),
(1170,34,'It'),
(1171,34,'key'),
(1172,34,'importance'),
(1173,34,'target'),
(1174,34,'appropriately\ndefined.\n°'),
(1175,34,'Kg:\n*'),
(1176,34,'Custromer'),
(1177,34,'Churn\n*'),
(1178,34,'Active'),
(1179,34,':'),
(1180,34,'customer'),
(1181,34,'stops'),
(1182,34,'relationship'),
(1183,34,'the\nfirm\n*'),
(1184,34,'Passive'),
(1185,34,':'),
(1186,34,'customer'),
(1187,34,'decreases'),
(1188,34,'intensity'),
(1189,34,'the\nrelationship'),
(1190,34,'firm\n¢'),
(1191,34,'Forced'),
(1192,34,':'),
(1193,34,'company'),
(1194,34,'stops'),
(1195,34,'relationship'),
(1196,34,'the\ncustomer'),
(1197,35,'Target'),
(1198,35,'Definition'),
(1199,35,'*'),
(1200,35,'It'),
(1201,35,'key'),
(1202,35,'importance'),
(1203,35,'target'),
(1204,35,'appropriately\ndefined.\n°'),
(1205,35,'Kg:\n*'),
(1206,35,'Custromer'),
(1207,35,'Churn\n*'),
(1208,35,'Active'),
(1209,35,':'),
(1210,35,'customer'),
(1211,35,'stops'),
(1212,35,'relationship'),
(1213,35,'the\nfirm\n*'),
(1214,35,'Passive'),
(1215,35,':'),
(1216,35,'customer'),
(1217,35,'decreases'),
(1218,35,'intensity'),
(1219,35,'the\nrelationship'),
(1220,35,'firm\n¢'),
(1221,35,'Forced'),
(1222,35,':'),
(1223,35,'company'),
(1224,35,'stops'),
(1225,35,'relationship'),
(1226,35,'the\ncustomer'),
(1227,35,'Target'),
(1228,35,'Definition'),
(1229,35,'*'),
(1230,35,'It'),
(1231,35,'key'),
(1232,35,'importance'),
(1233,35,'target'),
(1234,35,'appropriately\ndefined.\n°'),
(1235,35,'Kg:\n*'),
(1236,35,'Custromer'),
(1237,35,'Churn\n*'),
(1238,35,'Active'),
(1239,35,':'),
(1240,35,'customer'),
(1241,35,'stops'),
(1242,35,'relationship'),
(1243,35,'the\nfirm\n*'),
(1244,35,'Passive'),
(1245,35,':'),
(1246,35,'customer'),
(1247,35,'decreases'),
(1248,35,'intensity'),
(1249,35,'the\nrelationship'),
(1250,35,'firm\n¢'),
(1251,35,'Forced'),
(1252,35,':'),
(1253,35,'company'),
(1254,35,'stops'),
(1255,35,'relationship'),
(1256,35,'the\ncustomer'),
(1257,35,'Target'),
(1258,35,'Definition'),
(1259,35,'*'),
(1260,35,'It'),
(1261,35,'key'),
(1262,35,'importance'),
(1263,35,'target'),
(1264,35,'appropriately\ndefined.\n°'),
(1265,35,'Kg:\n*'),
(1266,35,'Custromer'),
(1267,35,'Churn\n*'),
(1268,35,'Active'),
(1269,35,':'),
(1270,35,'customer'),
(1271,35,'stops'),
(1272,35,'relationship'),
(1273,35,'the\nfirm\n*'),
(1274,35,'Passive'),
(1275,35,':'),
(1276,35,'customer'),
(1277,35,'decreases'),
(1278,35,'intensity'),
(1279,35,'the\nrelationship'),
(1280,35,'firm\n¢'),
(1281,35,'Forced'),
(1282,35,':'),
(1283,35,'company'),
(1284,35,'stops'),
(1285,35,'relationship'),
(1286,35,'the\ncustomer'),
(1287,36,'Target'),
(1288,36,'Definition'),
(1289,36,'*'),
(1290,36,'Eg:'),
(1291,36,'(Continuous)\n*'),
(1292,36,'Customer'),
(1293,36,'lifetime'),
(1294,36,'value\n\na\n“'),
(1295,36,'S'),
(1296,36,'>'),
(1297,36,'(1+'),
(1298,36,'oo\n\n*'),
(1299,36,'n'),
(1300,36,'represents'),
(1301,36,'time'),
(1302,36,'horizon'),
(1303,36,'considered\n(typically'),
(1304,36,'two'),
(1305,36,'three'),
(1306,36,'years),'),
(1307,36,'Rt'),
(1308,36,'revenue'),
(1309,36,'time'),
(1310,36,'t\n(both'),
(1311,36,'direct'),
(1312,36,'indirect),'),
(1313,36,'Ct'),
(1314,36,'costs'),
(1315,36,'incurred'),
(1316,36,'time\n(both'),
(1317,36,'direct'),
(1318,36,'indirect),'),
(1319,36,'st'),
(1320,36,'survival'),
(1321,36,'probability'),
(1322,36,'at\ntime'),
(1323,36,'t,'),
(1324,36,'d'),
(1325,36,'discounting'),
(1326,36,'factor.'),
(1327,37,'Target'),
(1328,37,'Definition'),
(1329,37,'¢'),
(1330,37,'Eg:'),
(1331,37,'(Continuous)\n*'),
(1332,37,'Customer'),
(1333,37,'lifetime'),
(1334,37,'value\n\n(R,'),
(1335,37,'-\n“—'),
(1336,37,'S'),
(1337,37,'>'),
(1338,37,'(1+'),
(1339,37,'ee\n\n*'),
(1340,37,'n'),
(1341,37,'represents'),
(1342,37,'time'),
(1343,37,'horizon'),
(1344,37,'considered\n(typically'),
(1345,37,'two'),
(1346,37,'three'),
(1347,37,'years),'),
(1348,37,'Rt'),
(1349,37,'revenue'),
(1350,37,'time'),
(1351,37,'t\n(both'),
(1352,37,'direct'),
(1353,37,'indirect),'),
(1354,37,'Ct'),
(1355,37,'costs'),
(1356,37,'incurred'),
(1357,37,'time\n(both'),
(1358,37,'direct'),
(1359,37,'indirect),'),
(1360,37,'st'),
(1361,37,'survival'),
(1362,37,'probability'),
(1363,37,'at\ntime'),
(1364,37,'t,'),
(1365,37,'d'),
(1366,37,'discounting'),
(1367,37,'factor.'),
(1368,38,'Target'),
(1369,38,'Definition'),
(1370,38,'¢'),
(1371,38,'Eg:'),
(1372,38,'(Continuous)\n*'),
(1373,38,'Customer'),
(1374,38,'lifetime'),
(1375,38,'value\n\n='),
(1376,38,'ae'),
(1377,38,'ae\n\n*'),
(1378,38,'n'),
(1379,38,'represents'),
(1380,38,'time'),
(1381,38,'horizon'),
(1382,38,'considered\n(typically'),
(1383,38,'two'),
(1384,38,'three'),
(1385,38,'years),'),
(1386,38,'Rt'),
(1387,38,'revenue'),
(1388,38,'time'),
(1389,38,'|\n(both'),
(1390,38,'direct'),
(1391,38,'indirect),'),
(1392,38,'Ct'),
(1393,38,'costs'),
(1394,38,'incurred'),
(1395,38,'time'),
(1396,38,'|\n(both'),
(1397,38,'direct'),
(1398,38,'indirect),'),
(1399,38,'st'),
(1400,38,'survival'),
(1401,38,'probability'),
(1402,38,'at\ntime'),
(1403,38,'t,'),
(1404,38,'d'),
(1405,38,'discounting'),
(1406,38,'factor.'),
(1407,39,'Target'),
(1408,39,'Definition'),
(1409,39,'*'),
(1410,39,'Eg:'),
(1411,39,'(Continuous)\n*'),
(1412,39,'Customer'),
(1413,39,'lifetime'),
(1414,39,'value\n\ni\nme'),
(1415,39,'>'),
(1416,39,'(1+'),
(1417,39,'<a\n\n*'),
(1418,39,'n'),
(1419,39,'represents'),
(1420,39,'time'),
(1421,39,'horizon'),
(1422,39,'considered\n(typically'),
(1423,39,'two'),
(1424,39,'three'),
(1425,39,'years),'),
(1426,39,'Rt'),
(1427,39,'revenue'),
(1428,39,'time'),
(1429,39,'t\n(both'),
(1430,39,'direct'),
(1431,39,'indirect),'),
(1432,39,'Ct'),
(1433,39,'costs'),
(1434,39,'incurred'),
(1435,39,'time'),
(1436,39,'|\n(both'),
(1437,39,'direct'),
(1438,39,'indirect),'),
(1439,39,'st'),
(1440,39,'survival'),
(1441,39,'probability'),
(1442,39,'at\ntime'),
(1443,39,'t,'),
(1444,39,'d'),
(1445,39,'discounting'),
(1446,39,'factor.'),
(1447,40,'Target'),
(1448,40,'Definition'),
(1449,40,'*'),
(1450,40,'Eg:'),
(1451,40,'(Continuous)\n*'),
(1452,40,'Customer'),
(1453,40,'lifetime'),
(1454,40,'value\n\n(t=\nv=o'),
(1455,40,'a\n\ni=l\n\n*'),
(1456,40,'n'),
(1457,40,'represents'),
(1458,40,'time'),
(1459,40,'horizon'),
(1460,40,'considered\n(typically'),
(1461,40,'two'),
(1462,40,'three'),
(1463,40,'years),'),
(1464,40,'Rt'),
(1465,40,'revenue'),
(1466,40,'time'),
(1467,40,'t\n(both'),
(1468,40,'direct'),
(1469,40,'indirect),'),
(1470,40,'Ct'),
(1471,40,'costs'),
(1472,40,'incurred'),
(1473,40,'time'),
(1474,40,'|\n(both'),
(1475,40,'direct'),
(1476,40,'indirect),'),
(1477,40,'st'),
(1478,40,'survival'),
(1479,40,'probability'),
(1480,40,'at\ntime'),
(1481,40,'t,'),
(1482,40,'d'),
(1483,40,'discounting'),
(1484,40,'factor.'),
(1485,41,'BEV'),
(1486,41,'ge'),
(1487,41,'(cme'),
(1488,41,'DT'),
(1489,41,'eyrbibinceyel'),
(1490,41,'*'),
(1491,41,'Eg:'),
(1492,41,'(Continuous)\n*'),
(1493,41,'Customer'),
(1494,41,'lifetime'),
(1495,41,'value\n\ni,'),
(1496,41,'=\n“*'),
(1497,41,'Y'),
(1498,41,'(1+'),
(1499,41,'ee\n\n*'),
(1500,41,'n'),
(1501,41,'represents'),
(1502,41,'time'),
(1503,41,'horizon'),
(1504,41,'considered\n(typically'),
(1505,41,'two'),
(1506,41,'three'),
(1507,41,'years),'),
(1508,41,'Rt'),
(1509,41,'revenue'),
(1510,41,'time'),
(1511,41,'|\n(both'),
(1512,41,'direct'),
(1513,41,'indirect),'),
(1514,41,'Ct'),
(1515,41,'costs'),
(1516,41,'incurred'),
(1517,41,'time'),
(1518,41,'|\n(both'),
(1519,41,'direct'),
(1520,41,'indirect),'),
(1521,41,'st'),
(1522,41,'survival'),
(1523,41,'probability'),
(1524,41,'at\ntime'),
(1525,41,'t,'),
(1526,41,'d'),
(1527,41,'discounting'),
(1528,41,'factor.'),
(1529,42,'Target'),
(1530,42,'Definition'),
(1531,42,'*'),
(1532,42,'Eg:'),
(1533,42,'(Continuous)\n*'),
(1534,42,'Customer'),
(1535,42,'lifetime'),
(1536,42,'value\n\n=s*'),
(1537,42,'eee'),
(1538,42,'ae\n\n*'),
(1539,42,'n'),
(1540,42,'represents'),
(1541,42,'time'),
(1542,42,'horizon'),
(1543,42,'considered\n(typically'),
(1544,42,'two'),
(1545,42,'three'),
(1546,42,'years),'),
(1547,42,'Rt'),
(1548,42,'revenue'),
(1549,42,'time'),
(1550,42,'|\n(both'),
(1551,42,'direct'),
(1552,42,'indirect),'),
(1553,42,'Ct'),
(1554,42,'costs'),
(1555,42,'incurred'),
(1556,42,'time'),
(1557,42,'|\n(both'),
(1558,42,'direct'),
(1559,42,'indirect),'),
(1560,42,'st'),
(1561,42,'survival'),
(1562,42,'probability'),
(1563,42,'at\ntime'),
(1564,42,'t,'),
(1565,42,'d'),
(1566,42,'discounting'),
(1567,42,'factor.'),
(1568,43,'Target'),
(1569,43,'Definition'),
(1570,43,'*'),
(1571,43,'Eg:'),
(1572,43,'(Continuous)\n*'),
(1573,43,'Customer'),
(1574,43,'lifetime'),
(1575,43,'value\n\n='),
(1576,43,'oe'),
(1577,43,'ae\n\n*'),
(1578,43,'n'),
(1579,43,'represents'),
(1580,43,'time'),
(1581,43,'horizon'),
(1582,43,'considered\n(typically'),
(1583,43,'two'),
(1584,43,'three'),
(1585,43,'years),'),
(1586,43,'Rt'),
(1587,43,'revenue'),
(1588,43,'time'),
(1589,43,'|\n(both'),
(1590,43,'direct'),
(1591,43,'indirect),'),
(1592,43,'Ct'),
(1593,43,'costs'),
(1594,43,'incurred'),
(1595,43,'time'),
(1596,43,'|\n(both'),
(1597,43,'direct'),
(1598,43,'indirect),'),
(1599,43,'st'),
(1600,43,'survival'),
(1601,43,'probability'),
(1602,43,'at\ntime'),
(1603,43,'t,'),
(1604,43,'d'),
(1605,43,'discounting'),
(1606,43,'factor.'),
(1607,44,'Target'),
(1608,44,'Definition'),
(1609,44,'*'),
(1610,44,'Eg:'),
(1611,44,'(Continuous)\n*'),
(1612,44,'Customer'),
(1613,44,'lifetime'),
(1614,44,'value\n\n(R,'),
(1615,44,'-\nae'),
(1616,44,'—\n\ni=l\n\n*'),
(1617,44,'n'),
(1618,44,'represents'),
(1619,44,'time'),
(1620,44,'horizon'),
(1621,44,'considered\n(typically'),
(1622,44,'two'),
(1623,44,'three'),
(1624,44,'years),'),
(1625,44,'Rt'),
(1626,44,'revenue'),
(1627,44,'time'),
(1628,44,'|\n(both'),
(1629,44,'direct'),
(1630,44,'indirect),'),
(1631,44,'Ct'),
(1632,44,'costs'),
(1633,44,'incurred'),
(1634,44,'time'),
(1635,44,'|\n(both'),
(1636,44,'direct'),
(1637,44,'indirect),'),
(1638,44,'st'),
(1639,44,'survival'),
(1640,44,'probability'),
(1641,44,'at\ntime'),
(1642,44,'t,'),
(1643,44,'d'),
(1644,44,'discounting'),
(1645,44,'factor.'),
(1646,45,'Target'),
(1647,45,'Definition'),
(1648,45,'*'),
(1649,45,'Eg:'),
(1650,45,'(Continuous)\n*'),
(1651,45,'Customer'),
(1652,45,'lifetime'),
(1653,45,'value\n\n(k=\n='),
(1654,45,'>'),
(1655,45,'(1+'),
(1656,45,'ae\n\n*'),
(1657,45,'n'),
(1658,45,'represents'),
(1659,45,'time'),
(1660,45,'horizon'),
(1661,45,'considered\n(typically'),
(1662,45,'two'),
(1663,45,'three'),
(1664,45,'years),'),
(1665,45,'Rt'),
(1666,45,'revenue'),
(1667,45,'time'),
(1668,45,'|\n(both'),
(1669,45,'direct'),
(1670,45,'indirect),'),
(1671,45,'Ct'),
(1672,45,'costs'),
(1673,45,'incurred'),
(1674,45,'time'),
(1675,45,'|\n(both'),
(1676,45,'direct'),
(1677,45,'indirect),'),
(1678,45,'st'),
(1679,45,'survival'),
(1680,45,'probability'),
(1681,45,'at\ntime'),
(1682,45,'t,'),
(1683,45,'d'),
(1684,45,'discounting'),
(1685,45,'factor.'),
(1686,46,'Target'),
(1687,46,'Definition'),
(1688,46,'*'),
(1689,46,'Eg:'),
(1690,46,'(Continuous)\n*'),
(1691,46,'Customer'),
(1692,46,'lifetime'),
(1693,46,'value\n\ni\n='),
(1694,46,'>'),
(1695,46,'(1+'),
(1696,46,'ae\n\n*'),
(1697,46,'n'),
(1698,46,'represents'),
(1699,46,'time'),
(1700,46,'horizon'),
(1701,46,'considered\n(typically'),
(1702,46,'two'),
(1703,46,'three'),
(1704,46,'years),'),
(1705,46,'Rt'),
(1706,46,'revenue'),
(1707,46,'time'),
(1708,46,'|\n(both'),
(1709,46,'direct'),
(1710,46,'indirect),'),
(1711,46,'Ct'),
(1712,46,'costs'),
(1713,46,'incurred'),
(1714,46,'time'),
(1715,46,'|\n(both'),
(1716,46,'direct'),
(1717,46,'indirect),'),
(1718,46,'st'),
(1719,46,'survival'),
(1720,46,'probability'),
(1721,46,'at\ntime'),
(1722,46,'t,'),
(1723,46,'d'),
(1724,46,'discounting'),
(1725,46,'factor.'),
(1726,47,'Target'),
(1727,47,'Definition'),
(1728,47,'*'),
(1729,47,'Eg:'),
(1730,47,'(Continuous)\n*'),
(1731,47,'Customer'),
(1732,47,'lifetime'),
(1733,47,'value\n\n(R,'),
(1734,47,'-\n“'),
(1735,47,'>'),
(1736,47,'(1+'),
(1737,47,'ee\n\n*'),
(1738,47,'n'),
(1739,47,'represents'),
(1740,47,'time'),
(1741,47,'horizon'),
(1742,47,'considered\n(typically'),
(1743,47,'two'),
(1744,47,'three'),
(1745,47,'years),'),
(1746,47,'Rt'),
(1747,47,'revenue'),
(1748,47,'time'),
(1749,47,'|\n(both'),
(1750,47,'direct'),
(1751,47,'indirect),'),
(1752,47,'Ct'),
(1753,47,'costs'),
(1754,47,'incurred'),
(1755,47,'time\n(both'),
(1756,47,'direct'),
(1757,47,'indirect),'),
(1758,47,'st'),
(1759,47,'survival'),
(1760,47,'probability'),
(1761,47,'at\ntime'),
(1762,47,'t,'),
(1763,47,'d'),
(1764,47,'discounting'),
(1765,47,'factor.');

/*Table structure for table `login` */

DROP TABLE IF EXISTS `login`;

CREATE TABLE `login` (
  `login_id` int(11) NOT NULL AUTO_INCREMENT,
  `username` varchar(100) DEFAULT NULL,
  `password` varchar(100) DEFAULT NULL,
  `usertype` varchar(100) DEFAULT NULL,
  PRIMARY KEY (`login_id`)
) ENGINE=MyISAM AUTO_INCREMENT=11 DEFAULT CHARSET=latin1;

/*Data for the table `login` */

insert  into `login`(`login_id`,`username`,`password`,`usertype`) values 
(1,'admin','admin','admin'),
(2,NULL,NULL,NULL),
(5,'teacher','teacher','teacher'),
(8,'stud','stud','Student'),
(7,'st','st','Student'),
(9,'teacher','cxfds','teacher'),
(10,'teacher','fssre','teacher');

/*Table structure for table `notes` */

DROP TABLE IF EXISTS `notes`;

CREATE TABLE `notes` (
  `note_id` int(11) NOT NULL AUTO_INCREMENT,
  `teacher_id` int(11) DEFAULT NULL,
  `subject_id` int(11) DEFAULT NULL,
  `notes` varchar(100) DEFAULT NULL,
  `date` varchar(100) DEFAULT NULL,
  `status` varchar(100) DEFAULT NULL,
  PRIMARY KEY (`note_id`)
) ENGINE=MyISAM AUTO_INCREMENT=2 DEFAULT CHARSET=latin1;

/*Data for the table `notes` */

insert  into `notes`(`note_id`,`teacher_id`,`subject_id`,`notes`,`date`,`status`) values 
(1,1,1,'nowjkwawdka','2023-01-21','notesadded');

/*Table structure for table `student` */

DROP TABLE IF EXISTS `student`;

CREATE TABLE `student` (
  `student_id` int(11) NOT NULL AUTO_INCREMENT,
  `login_id` int(11) DEFAULT NULL,
  `fname` varchar(100) DEFAULT NULL,
  `lname` varchar(100) DEFAULT NULL,
  `place` varchar(100) DEFAULT NULL,
  `phone` varchar(100) DEFAULT NULL,
  `email` varchar(100) DEFAULT NULL,
  `reg_no` varchar(100) DEFAULT NULL,
  PRIMARY KEY (`student_id`)
) ENGINE=MyISAM AUTO_INCREMENT=3 DEFAULT CHARSET=latin1;

/*Data for the table `student` */

insert  into `student`(`student_id`,`login_id`,`fname`,`lname`,`place`,`phone`,`email`,`reg_no`) values 
(1,7,'student1','qwerty','kerala','0234567891','student1@gmail.com',NULL);

/*Table structure for table `subject` */

DROP TABLE IF EXISTS `subject`;

CREATE TABLE `subject` (
  `subject_id` int(11) NOT NULL AUTO_INCREMENT,
  `subject` varchar(100) DEFAULT NULL,
  PRIMARY KEY (`subject_id`)
) ENGINE=MyISAM AUTO_INCREMENT=4 DEFAULT CHARSET=latin1;

/*Data for the table `subject` */

insert  into `subject`(`subject_id`,`subject`) values 
(1,'qwertyu'),
(3,'qwertyuuuu');

/*Table structure for table `teacher` */

DROP TABLE IF EXISTS `teacher`;

CREATE TABLE `teacher` (
  `teacher_id` int(11) NOT NULL AUTO_INCREMENT,
  `login_id` int(11) DEFAULT NULL,
  `fname` varchar(100) DEFAULT NULL,
  `lname` varchar(100) DEFAULT NULL,
  `place` varchar(100) DEFAULT NULL,
  `phone` varchar(100) DEFAULT NULL,
  `email` varchar(100) DEFAULT NULL,
  PRIMARY KEY (`teacher_id`)
) ENGINE=MyISAM AUTO_INCREMENT=4 DEFAULT CHARSET=latin1;

/*Data for the table `teacher` */

insert  into `teacher`(`teacher_id`,`login_id`,`fname`,`lname`,`place`,`phone`,`email`) values 
(1,5,'sdjak','ksjhdaks','sdjals','33212434','student@gmail.com'),
(2,9,'user','qwerty','kerala','2345678907','student@gmail.com'),
(3,10,'user','qwerty','kerala','2345678907','student@gmail.com');

/*Table structure for table `videos` */

DROP TABLE IF EXISTS `videos`;

CREATE TABLE `videos` (
  `video_id` int(11) NOT NULL AUTO_INCREMENT,
  `teacher_id` int(11) DEFAULT NULL,
  `subject_id` int(11) DEFAULT NULL,
  `video` varchar(2000) DEFAULT NULL,
  `date` varchar(100) DEFAULT NULL,
  `status` varchar(100) DEFAULT NULL,
  PRIMARY KEY (`video_id`)
) ENGINE=MyISAM AUTO_INCREMENT=4 DEFAULT CHARSET=latin1;

/*Data for the table `videos` */

insert  into `videos`(`video_id`,`teacher_id`,`subject_id`,`video`,`date`,`status`) values 
(1,1,1,'static/videos/73aba343-e772-49e5-bbbc-ad35a2317c45VIDEO 2.mp4','2023-01-23','upload'),
(2,1,1,'static/videos/7f512573-7398-47b6-86e7-1ffe3adc8671VIDEO 3.mp4','2023-01-23','upload'),
(3,1,1,'static/videos/b0cf9e24-4a8e-425d-aff9-278f010d60dfd118158b-a1ef-4a30-a786-03b39bf3a8a9WhatsApp Video 2022-04-28 at 3.06.36 PM.mp4','2023-01-23','upload');

/*!40101 SET SQL_MODE=@OLD_SQL_MODE */;
/*!40014 SET FOREIGN_KEY_CHECKS=@OLD_FOREIGN_KEY_CHECKS */;
/*!40014 SET UNIQUE_CHECKS=@OLD_UNIQUE_CHECKS */;
/*!40111 SET SQL_NOTES=@OLD_SQL_NOTES */;
